19.28,degrees C,
18.37,degrees C,
18.37,degrees C,
18.37,degrees C,
18.37,degrees C,
18.37,degrees C,
18.37,degrees C,
18.37,degrees C,
18.37,degrees C,
18.37,degrees C,
18.37,degrees C,
18.37,degrees C,
18.37,degrees C,
18.37,degrees C,
18.37,degrees C,
18.37,degrees C,
18.37,degrees C,
18.37,degrees C,
18.37,degrees C,
18.37,degrees C,
18.37,degrees C,
18.37,degrees C,
18.37,degrees C,
18.37,degrees C,
18.43,degrees C,
18.37,degrees C,
18.37,degrees C,
18.37,degrees C,
18.43,degrees C,
18.37,degrees C,
18.37,degrees C,
18.37,degrees C,
18.37,degrees C,
18.37,degrees C,
18.37,degrees C,
19.28,degrees C,
18.37,degrees C,
18.37,degrees C,
18.37,degrees C,
18.43,degrees C,
18.43,degrees C,
19.28,degrees C,
18.37,degrees C,
18.37,degrees C,
18.37,degrees C,
18.37,degrees C,
19.28,degrees C,
18.37,degrees C,
18.37,degrees C,
19.28,degrees C,
18.37,degrees C,
19.28,degrees C,
18.37,degrees C,
18.43,degrees C,
18.37,degrees C,
18.37,degrees C,
18.37,degrees C,
18.37,degrees C,
19.28,degrees C,
18.43,degrees C,
18.37,degrees C,
18.37,degrees C,
18.43,degrees C,
18.37,degrees C,
18.37,degrees C,
18.37,degrees C,
18.43,degrees C,
18.37,degrees C,
18.37,degrees C,
18.37,degrees C,
18.37,degrees C,
19.28,degrees C,
18.37,degrees C,
19.28,degrees C,
18.37,degrees C,
18.37,degrees C,
18.37,degrees C,
18.37,degrees C,
19.28,degrees C,
19.28,degrees C,
18.37,degrees C,
18.37,degrees C,
18.37,degrees C,
19.28,degrees C,
19.28,degrees C,
18.37,degrees C,
18.37,degrees C,
